"계정항목코드별","2014. 05","2014. 06","2014. 07","2014. 08","2014. 09","2014. 10"
"총지수 (2010=100)","-0.02","0.05","0.08","-0.11","-0.38","-0.63"
"상품 (2010=100)","-0.08","0.09","-0.06","-0.22","-0.48","-0.90"
"농림수산품 (2010=100)","-3.27","0.98","0.19","1.23","-1.49","-3.86"
"농림수산품 (2010=100)","-3.27","0.98","0.19","1.23","-1.49","-3.86"
"농산물 (2010=100)","-3.99","-3.61","1.50","4.23","-1.17","-8.25"
"식량작물 (2010=100)","0.50","-0.65","-0.37","-0.88","-0.93","2.41"
"곡류 (2010=100)","-0.86","-0.84","-0.82","-0.75","-0.40","3.92"
"콩류 (2010=100)","0.00","0.00","0.00","0.00","0.00","-2.75"
"감자류 (2010=100)","22.00","1.23","6.05","-4.21","-10.63","-12.68"
"채소및과실 (2010=100)","-8.44","-4.76","3.70","6.14","-1.62","-15.79"
"채소 (2010=100)","-12.98","-7.58","4.23","10.85","1.86","-11.36"
"과실 (2010=100)","2.71","2.20","2.54","-5.57","-10.54","-27.87"
"기타식용작물 (2010=100)","5.90","3.90","4.37","4.13","-9.79","-13.47"
"약용작물 (2010=100)","6.87","4.63","5.15","4.88","-11.23","-15.21"
"기타식용작물 (2010=100)","-0.20","-0.58","-0.51","-0.47","-0.99","-2.64"
"비식용작물 (2010=100)","-1.97","-14.71","-8.14","11.45","9.10","4.46"
"잎담배 (2010=100)","0.00","0.00","0.00","0.00","0.00","0.00"
"화훼작물 (2010=100)","-2.13","-15.92","-8.80","12.39","9.85","4.82"
"축산물 (2010=100)","-1.68","7.72","-4.63","-1.62","-1.52","-0.06"
"낙농및육류 (2010=100)","-1.40","8.07","-5.24","-1.88","-1.64","0.50"
"낙농 (2010=100)","-0.82","-0.69","-0.64","-0.29","1.42","1.10"
"육류 (2010=100)","-1.47","9.29","-5.88","-2.10","-2.07","0.41"
"기타축산 (2010=100)","-3.75","5.27","-0.31","0.25","-0.69","-4.07"
"기타축산 (2010=100)","-3.75","5.27","-0.31","0.25","-0.69","-4.07"
"임산물 (2010=100)","-0.72","-0.74","0.00","0.00","-19.84","3.21"
"임산물 (2010=100)","-0.72","-0.74","0.00","0.00","-19.84","3.21"
"원목 (2010=100)","-2.71","-2.79","0.00","0.00","2.79","-2.79"
"식용임산물 (2010=100)","0.00","0.00","0.00","0.00","-27.82","5.35"
"수산물 (2010=100)","-4.06","3.09","3.97","-2.14","-0.10","0.99"
"신선수산물 (2010=100)","-4.32","2.11","3.81","-1.26","-0.34","-1.75"
"신선어류 (2010=100)","-6.78","2.56","5.99","-0.83","-1.49","-2.05"
"신선갑각류 (2010=100)","10.14","4.59","0.00","0.00","-1.16","-7.24"
"신선패류 (2010=100)","-3.92","0.20","-4.71","1.24","8.73","1.97"
"신선연체류 (2010=100)","-0.74","-0.29","2.09","-6.57","-1.73","0.26"
"냉동건조수산물 (2010=100)","-3.58","5.26","4.36","-4.03","0.40","6.89"
"냉동수산물 (2010=100)","-5.59","7.69","6.84","-5.85","0.60","11.10"
"건조수산물 (2010=100)","0.46","0.43","-0.54","-0.45","-0.01","-1.52"
"광산품 (2010=100)","-0.73","-0.98","-0.01","0.03","0.72","0.68"
"광산품 (2010=100)","-0.73","-0.98","-0.01","0.03","0.72","0.68"
"석탄,원유및천연가스 (2010=100)","-0.19","-0.33","-0.04","0.18","0.52","-2.77"
"석탄 (2010=100)","0.00","0.03","0.06","-0.23","-0.17","-0.20"
"무연탄 (2010=100)","0.00","0.03","0.06","-0.23","-0.17","-0.20"
"원유및천연가스 (2010=100)","-0.59","-1.08","-0.21","0.97","1.93","-7.96"
"천연가스(LNG) (2010=100)","-0.59","-1.08","-0.21","0.97","1.93","-7.96"
"비금속광물 (2010=100)","-0.80","-1.06","0.00","0.00","0.76","1.14"
"비금속광물 (2010=100)","-0.80","-1.06","0.00","0.00","0.76","1.14"
"골재및석재 (2010=100)","0.00","-0.25","0.00","0.00","0.00","0.00"
"석회석 (2010=100)","0.00","0.00","0.00","0.00","0.00","0.00"
"기타비금속광물 (2010=100)","-5.26","-6.30","0.00","0.00","5.04","7.55"
"공산품 (2010=100)","0.11","0.03","-0.03","-0.32","-0.47","-0.82"
"음식료품 (2010=100)","0.23","0.04","-0.14","-0.02","0.05","-0.02"
"식료품 (2010=100)","0.33","0.31","-0.19","-0.03","0.07","0.00"
"육가공품및낙농품 (2010=100)","1.21","0.96","-0.55","-0.50","0.17","0.03"
"육가공품 (2010=100)","3.54","2.82","-1.61","-1.44","0.48","0.07"
"우유 (2010=100)","0.00","0.00","0.00","0.00","0.00","0.00"
"낙농품 (2010=100)","0.00","0.00","0.00","0.00","0.00","0.00"
"수산가공품 (2010=100)","-0.06","0.08","-0.49","0.00","0.00","-0.29"
"수산물가공품 (2010=100)","-0.08","0.10","-0.57","0.00","0.00","-0.34"
"수산동물저장품 (2010=100)","0.00","0.00","0.00","0.00","0.00","0.00"
"정곡및제분 (2010=100)","0.00","0.00","0.00","0.00","0.00","0.00"
"제분 (2010=100)","0.00","0.00","0.00","0.00","0.00","0.00"
"제당및전분 (2010=100)","0.00","0.00","0.00","0.00","0.00","0.00"
"정제당 (2010=100)","0.00","0.00","0.00","0.00","0.00","0.00"
"전분및당류 (2010=100)","0.00","0.00","0.00","0.00","0.00","0.00"
"떡,과자및면류 (2010=100)","0.00","0.11","0.00","0.00","0.00","0.00"
"떡,빵및과자류 (2010=100)","0.00","0.14","0.00","0.00","0.00","0.00"
"면류 (2010=100)","0.00","0.00","0.00","0.00","0.00","0.00"
"조미료및유지 (2010=100)","-0.07","-0.03","-0.02","-0.09","-0.11","-0.32"
"조미료및첨가용식품 (2010=100)","0.32","0.00","0.00","0.00","0.00","0.00"
"유지 (2010=100)","-0.72","-0.07","-0.08","-0.22","-0.30","-0.84"
"기타식료품 (2010=100)","0.29","0.27","-0.11","0.45","0.24","0.30"
"과실및채소가공품 (2010=100)","0.06","0.27","-0.19","0.33","0.62","-0.18"
"커피및차류 (2010=100)","0.00","0.00","0.00","1.88","0.00","0.00"
"인삼및건강보조식품 (2010=100)","0.00","0.00","0.00","0.00","0.00","0.00"
"기타식료품 (2010=100)","0.52","0.42","-0.12","0.20","0.17","0.68"
"음료품 (2010=100)","0.15","0.00","0.00","0.00","0.00","0.34"
"주류 (2010=100)","0.07","0.02","0.00","0.00","0.00","0.68"
"주정 (2010=100)","0.00","0.00","0.00","0.00","0.00","0.00"
"소주 (2010=100)","0.00","0.00","0.00","0.00","0.00","2.26"
"맥주 (2010=100)","0.00","0.00","0.00","0.00","0.00","0.00"
"기타주류 (2010=100)","0.64","0.03","0.00","0.00","0.00","0.00"
"청량음료및생수 (2010=100)","0.20","0.00","0.00","0.00","0.00","0.00"
"비알콜음료및얼음 (2010=100)","0.20","0.00","0.00","0.00","0.00","0.00"
"사료 (2010=100)","0.00","-1.16","-0.04","-0.04","0.02","-0.42"
"사료 (2010=100)","0.00","-1.16","-0.04","-0.04","0.02","-0.42"
"사료 (2010=100)","0.00","-1.16","-0.04","-0.04","0.02","-0.42"
"담배 (2010=100)","0.00","0.00","0.00","0.00","0.00","0.00"
"담배 (2010=100)","0.00","0.00","0.00","0.00","0.00","0.00"
"담배 (2010=100)","0.00","0.00","0.00","0.00","0.00","0.00"
"섬유및가죽제품 (2010=100)","-0.03","-0.08","0.06","-0.05","-0.05","0.20"
"섬유사및직물 (2010=100)","-0.76","-0.31","-0.23","-0.26","0.04","0.20"
"섬유사 (2010=100)","-0.72","-0.54","0.05","0.01","0.01","-0.06"
"천연섬유사 (2010=100)","-1.20","-1.19","-0.70","0.03","0.55","0.54"
"화학섬유사 (2010=100)","0.00","0.00","2.08","0.00","0.00","-0.71"
"기타섬유사 (2010=100)","-0.43","0.00","0.00","0.00","-0.70","-0.55"
"섬유직물 (2010=100)","-0.82","-0.13","-0.44","-0.48","0.06","0.42"
"천연섬유직물 (2010=100)","-0.45","0.00","0.00","-2.00","-0.42","0.00"
"화학섬유직물 (2010=100)","-0.82","-0.08","0.00","0.00","0.20","0.37"
"기타섬유직물 (2010=100)","-1.23","-0.35","-1.85","0.26","0.29","0.98"
"섬유및의복제품 (2010=100)","0.01","-0.01","0.02","0.02","-0.14","0.20"
"섬유및직물제품 (2010=100)","-0.09","-0.06","0.00","0.06","0.10","0.67"
"직물제품 (2010=100)","0.19","0.04","0.00","0.00","0.02","0.58"
"끈,로프및어망 (2010=100)","0.00","0.00","0.00","0.00","0.00","0.00"
"기타섬유제품 (2010=100)","-0.78","-0.34","0.02","0.21","0.32","1.03"
"봉제및편조의류 (2010=100)","0.07","0.00","0.03","0.00","-0.27","0.00"
"봉제의류 (2010=100)","0.08","0.00","0.04","0.00","-0.29","0.00"
"편조의류 (2010=100)","0.00","0.00","0.00","0.00","-0.10","0.00"
"의복관련장신품 (2010=100)","0.00","0.00","0.00","0.00","0.70","0.00"
"의복관련장신품 (2010=100)","0.00","0.00","0.00","0.00","0.70","0.00"
"가죽제품 (2010=100)","0.75","-0.03","0.57","0.00","0.22","0.15"
"가죽및모피 (2010=100)","-0.53","-0.15","0.02","0.00","0.35","0.73"
"가죽 (2010=100)","-0.53","-0.15","0.02","0.00","0.35","0.73"
"가방및신발 (2010=100)","1.08","0.00","0.72","0.00","0.17","0.00"
"가방및핸드백 (2010=100)","3.06","0.00","0.12","0.00","0.48","0.00"
"신발 (2010=100)","0.00","0.00","1.04","0.00","0.00","0.00"
"목재및종이제품 (2010=100)","-0.51","-0.03","-0.26","-0.07","-0.17","-0.14"
"목재및목제품 (2010=100)","-0.34","0.08","-0.02","-0.27","-0.53","-0.47"
"목재 (2010=100)","-0.59","0.12","-0.03","-0.49","-0.05","-0.88"
"제재목 (2010=100)","-0.77","-0.25","0.19","-1.07","-0.10","-1.10"
"합판 (2010=100)","-1.21","-1.20","-0.59","0.00","0.00","-1.73"
"강화및재생목재 (2010=100)","0.00","1.56","0.00","0.00","0.00","0.00"
"목제품 (2010=100)","0.00","0.00","0.00","0.00","-1.11","0.00"
"건축용목제품 (2010=100)","0.00","0.00","0.00","0.00","0.00","0.00"
"목재용기및적재판 (2010=100)","0.00","0.00","0.00","0.00","-1.75","0.00"
"펄프및종이제품 (2010=100)","-0.56","-0.07","-0.34","-0.02","-0.05","-0.03"
"펄프 (2010=100)","-3.88","-0.40","0.00","0.43","0.56","1.23"
"펄프 (2010=100)","-3.88","-0.40","0.00","0.43","0.56","1.23"
"종이류 (2010=100)","-1.13","-0.24","-0.84","-0.08","-0.16","-0.13"
"인쇄용지 (2010=100)","-0.14","-0.04","-0.22","-0.18","0.00","-0.20"
"기타원지및판지 (2010=100)","-1.97","-0.41","-1.34","0.00","-0.28","-0.10"
"종이제품 (2010=100)","-0.02","0.07","0.00","0.00","0.00","0.00"
"골판지및골판지상자 (2010=100)","0.00","0.00","0.00","0.00","0.00","0.00"
"종이용기 (2010=100)","-0.06","0.38","-0.08","0.00","0.00","0.02"
"종이문구및사무용지 (2010=100)","0.00","0.00","0.00","0.00","0.00","0.00"
"위생용종이제품 (2010=100)","0.00","0.00","0.00","0.00","0.00","0.00"
"기타종이제품 (2010=100)","0.00","0.00","0.12","0.00","0.00","0.00"
"석탄및석유제품 (2010=100)","-1.09","-0.61","-0.14","-3.82","-2.48","-6.26"
"석탄제품 (2010=100)","0.00","0.00","0.00","0.00","0.00","-6.51"
"석탄제품 (2010=100)","0.00","0.00","0.00","0.00","0.00","-6.51"
"석탄코크스및석탄관련제품 (2010=100)","0.00","0.00","0.00","0.00","0.00","-6.90"
"연탄 (2010=100)","0.00","0.00","0.00","0.00","0.00","0.00"
"석유제품 (2010=100)","-1.23","-0.68","-0.18","-4.29","-2.79","-6.34"
"연료유 (2010=100)","-1.29","-0.66","-0.55","-4.62","-3.03","-6.84"
"나프타 (2010=100)","-0.75","0.91","-0.07","-6.28","-6.04","-10.82"
"휘발유 (2010=100)","-0.99","0.27","0.13","-8.51","-1.49","-5.60"
"제트유 (2010=100)","-2.47","-0.59","-0.67","-1.37","-1.89","-5.49"
"등유 (2010=100)","-2.09","-0.75","-1.91","-2.10","-1.94","-6.43"
"경유 (2010=100)","-1.75","-1.19","-2.40","-2.64","-1.85","-6.25"
"중유 (2010=100)","-1.77","-1.08","3.12","-3.87","-1.09","-2.83"
"액화석유가스 (2010=100)","0.00","-7.23","0.06","-2.49","-4.00","-2.32"
"기타석유제품 (2010=100)","-0.54","-0.90","4.31","-0.32","0.10","-0.16"
"윤활유및그리스 (2010=100)","0.00","0.00","7.30","0.00","0.00","0.00"
"기타석유정제제품 (2010=100)","-0.97","-1.63","1.89","-0.57","0.19","-0.30"
"화학제품 (2010=100)","-1.03","0.40","1.22","-0.04","-1.29","-1.71"
"기초화학제품 (2010=100)","-2.49","1.50","3.24","0.14","-3.34","-4.67"
"석유화학기초제품 (2010=100)","-2.94","1.90","4.04","0.02","-4.13","-5.57"
"지방족기초유분 (2010=100)","-2.87","-0.16","3.93","0.98","-1.74","-5.33"
"방향족기초유분 (2010=100)","-3.11","4.65","5.33","-1.96","-8.03","-8.00"
"석유화학중간제품 (2010=100)","-2.96","1.52","2.29","1.40","-2.56","-2.28"
"기타유기화학기초제품 (2010=100)","-1.31","-0.51","-0.05","0.87","-0.09","-0.62"
"기타기초유기화합물 (2010=100)","-1.31","-0.51","-0.05","0.87","-0.09","-0.62"
"무기화학기초제품 (2010=100)","-0.15","0.25","0.24","0.33","-0.23","-1.47"
"산업용가스 (2010=100)","-0.16","0.11","0.00","-1.25","-1.44","-4.25"
"기초무기화합물 (2010=100)","-0.23","0.00","-0.05","0.19","0.00","0.05"
"염료,안료및유연제 (2010=100)","-0.05","1.02","1.21","2.82","1.01","-0.67"
"합성수지및합성고무 (2010=100)","-0.88","-0.87","0.52","-0.70","-0.27","-0.40"
"합성수지및합성고무 (2010=100)","-0.88","-0.87","0.52","-0.70","-0.27","-0.40"
"합성수지 (2010=100)","-0.85","-0.85","0.47","-0.76","-0.30","-0.41"
"합성고무 (2010=100)","-2.16","-1.35","2.50","1.30","1.03","-0.03"
"화학섬유 (2010=100)","-1.38","-1.31","-0.15","1.59","-2.65","0.07"
"화학섬유 (2010=100)","-1.38","-1.31","-0.15","1.59","-2.65","0.07"
"화학섬유 (2010=100)","-1.38","-1.31","-0.15","1.59","-2.65","0.07"
"의약품 (2010=100)","-0.03","0.08","0.00","0.00","0.00","0.00"
"의약품 (2010=100)","-0.03","0.08","0.00","0.00","0.00","0.00"
"의약품 (2010=100)","-0.03","0.08","0.00","0.00","0.00","0.00"
"기타최종화학제품 (2010=100)","-0.13","0.16","0.19","-0.08","-0.15","-0.06"
"비료및농약 (2010=100)","0.25","0.09","0.00","0.00","0.00","0.00"
"비료및질소화합물 (2010=100)","0.00","0.00","0.00","0.00","0.00","0.00"
"살충제및농약 (2010=100)","0.88","0.31","0.00","0.00","0.00","0.00"
"도료및잉크 (2010=100)","0.00","0.00","0.00","0.07","0.00","0.00"
"도료 (2010=100)","0.00","0.00","0.00","0.08","0.00","0.00"
"잉크 (2010=100)","0.00","0.00","0.00","0.00","0.00","0.00"
"비누및화장품 (2010=100)","-0.28","0.50","0.31","0.05","-0.05","-0.18"
"비누,세제및치약 (2010=100)","-0.64","1.15","0.19","0.09","-0.09","-1.10"
"화장품 (2010=100)","0.00","0.00","0.42","0.00","0.00","0.52"
"기타화학제품 (2010=100)","-0.22","0.04","0.27","-0.25","-0.32","-0.03"
"접착제및젤라틴 (2010=100)","0.00","0.00","0.00","-0.51","0.00","0.00"
"사진용화학제품및감광재료 (2010=100)","-0.31","0.00","0.00","0.00","0.00","0.00"
"기타화학제품 (2010=100)","-0.26","0.05","0.34","-0.22","-0.40","-0.06"
"플라스틱제품 (2010=100)","0.02","-0.10","0.01","-0.03","-0.21","-0.11"
"플라스틱제품 (2010=100)","0.02","-0.10","0.01","-0.03","-0.21","-0.11"
"플라스틱1차제품 (2010=100)","-0.27","-0.26","-0.02","0.00","0.34","-0.70"
"건축용플라스틱제품 (2010=100)","0.75","0.00","0.00","-0.41","0.00","0.00"
"포장용플라스틱제품 (2010=100)","0.00","0.00","0.00","0.00","-1.15","0.00"
"조립용플라스틱제품 (2010=100)","0.00","-0.15","0.05","0.00","-0.12","0.00"
"기타플라스틱제품 (2010=100)","0.00","0.00","0.00","0.00","0.00","0.00"
"고무제품 (2010=100)","-0.16","-0.02","-0.05","-0.06","-0.06","-0.02"
"타이어및튜브 (2010=100)","-0.28","-0.05","-0.11","-0.15","-0.14","-0.08"
"타이어및튜브 (2010=100)","-0.28","-0.05","-0.11","-0.15","-0.14","-0.08"
"기타고무제품 (2010=100)","-0.09","0.00","-0.03","0.00","0.00","0.00"
"산업용고무제품 (2010=100)","-0.13","0.00","-0.03","0.00","0.00","0.00"
"기타고무제품 (2010=100)","0.00","0.00","0.00","0.00","0.00","0.00"
"비금속광물제품 (2010=100)","-0.74","-1.21","-0.47","0.21","-0.34","0.35"
"유리제품 (2010=100)","0.27","-0.58","-0.93","-0.08","-0.74","0.58"
"유리제품 (2010=100)","0.27","-0.58","-0.93","-0.08","-0.74","0.58"
"판유리및1차유리 (2010=100)","0.00","0.00","0.00","0.00","0.00","0.00"
"전자기기용유리제품 (2010=100)","0.00","-0.50","-1.07","-0.17","-0.86","0.50"
"산업용(전자기기용제외)유리제품 (2010=100)","1.72","-0.87","0.11","0.50","0.01","0.34"
"기타유리제품 (2010=100)","0.00","0.00","0.00","0.00","0.26","2.16"
"도자기및점토제품 (2010=100)","0.61","0.00","0.88","0.00","0.00","-0.23"
"도자기및점토제품 (2010=100)","0.61","0.00","0.88","0.00","0.00","-0.23"
"가정용도자기 (2010=100)","2.22","0.00","6.23","0.00","0.00","0.00"
"산업용도자기 (2010=100)","0.00","0.00","0.00","0.00","0.00","-1.59"
"내화요업제품 (2010=100)","0.00","0.00","0.00","0.00","0.00","0.00"
"건설용점토제품 (2010=100)","0.99","0.00","0.00","0.00","0.00","0.00"
"시멘트및콘크리트제품 (2010=100)","-2.44","-2.51","-0.24","0.66","0.00","0.27"
"시멘트 (2010=100)","0.00","0.00","-4.70","0.00","0.00","0.00"
"시멘트 (2010=100)","0.00","0.00","-4.70","0.00","0.00","0.00"
"콘크리트제품 (2010=100)","-3.03","-3.14","0.86","0.83","0.00","0.34"
"레미콘 (2010=100)","-4.63","-4.51","1.05","1.05","0.00","0.00"
"콘크리트제품 (2010=100)","0.64","0.00","0.44","0.31","0.00","1.12"
"기타비금속광물제품 (2010=100)","0.00","0.00","0.00","0.00","0.00","0.00"
"기타비금속광물제품 (2010=100)","0.00","0.00","0.00","0.00","0.00","0.00"
"석회및석고제품 (2010=100)","0.00","0.00","0.00","0.00","0.00","0.00"
"석제품 (2010=100)","0.00","0.00","0.00","0.00","0.00","0.00"
"연마재 (2010=100)","0.00","0.00","0.00","0.00","0.00","0.00"
"아스팔트제품 (2010=100)","0.00","0.00","0.00","0.00","0.00","0.00"
"석면및암면 (2010=100)","0.00","0.00","0.00","0.00","0.00","0.00"
"기타비금속광물제품 (2010=100)","0.00","0.00","0.00","0.00","0.00","0.00"
"제1차금속제품 (2010=100)","0.33","0.03","-0.66","-0.14","0.00","-0.20"
"선철및조강 (2010=100)","0.19","0.15","0.06","0.00","0.32","-0.06"
"선철및조강 (2010=100)","0.19","0.15","0.06","0.00","0.32","-0.06"
"선철 (2010=100)","-0.03","-0.04","-0.08","-0.12","-0.01","-0.12"
"합금철 (2010=100)","0.00","-3.06","-0.02","0.73","0.00","-0.23"
"조강 (2010=100)","0.31","0.33","0.14","0.03","0.51","-0.02"
"철강1차제품 (2010=100)","0.46","-0.04","-1.81","-0.54","-0.47","-0.32"
"열간압연강재 (2010=100)","0.30","-0.60","-2.20","-0.05","-0.67","-0.21"
"철근및봉강 (2010=100)","0.01","0.39","-0.78","-0.07","-0.11","-0.21"
"형강 (2010=100)","-1.76","-2.05","1.74","0.98","0.47","0.65"
"선재및궤조 (2010=100)","0.22","-2.24","-1.48","-1.46","-1.25","0.00"
"열연후판및강판 (2010=100)","1.20","-0.56","-3.35","0.11","-1.12","-0.45"
"강선 (2010=100)","0.48","-1.83","-1.14","-0.04","-0.24","-0.10"
"철강관 (2010=100)","-1.92","-0.02","-1.77","-0.46","0.00","0.18"
"냉간압연강재 (2010=100)","0.74","1.73","-1.45","-1.53","-0.24","-0.32"
"냉간압연강재 (2010=100)","0.74","1.73","-1.45","-1.53","-0.24","-0.32"
"기타철강1차제품 (2010=100)","0.88","0.58","-0.76","-1.51","0.00","-0.63"
"표면처리강재 (2010=100)","-1.01","-1.57","-0.49","-0.61","-1.07","-0.77"
"기타철강1차제품 (2010=100)","2.54","2.45","-0.99","-2.35","0.95","-0.51"
"비철금속괴및1차제품 (2010=100)","0.51","-0.01","1.03","0.85","0.36","0.14"
"비철금속괴 (2010=100)","1.50","0.37","0.49","1.09","0.51","0.22"
"동제련,정련및합금제품 (2010=100)","0.98","-1.37","3.55","-0.78","-0.88","0.55"
"알루미늄제련,정련및합금제품 (2010=100)","1.15","-0.07","-0.90","0.60","1.90","0.69"
"연및아연제련,정련및합금제품 (2010=100)","-1.25","-0.74","1.03","5.16","1.54","-1.76"
"금은괴 (2010=100)","-2.51","-1.10","2.40","-0.76","-4.06","1.91"
"기타비철금속제련,정련및합금제품 (2010=100)","9.71","9.36","-4.07","2.75","-1.59","-0.11"
"비철금속1차제품 (2010=100)","-0.38","-0.34","1.50","0.62","0.25","0.05"
"동1차제품 (2010=100)","-0.62","-0.44","1.56","0.41","-0.26","-0.31"
"알루미늄1차제품 (2010=100)","0.22","0.02","0.86","0.82","1.23","0.49"
"기타비철금속1차제품 (2010=100)","-0.62","-0.59","2.14","0.82","0.08","0.29"
"주단강품 (2010=100)","-0.28","-0.17","-0.31","-0.04","0.47","-1.03"
"주단강품 (2010=100)","-0.28","-0.17","-0.31","-0.04","0.47","-1.03"
"금속주물 (2010=100)","-0.04","-0.25","-0.26","0.06","-0.17","0.24"
"금속단조및야금제품 (2010=100)","-0.77","0.00","-0.40","-0.24","1.69","-3.47"
"금속제품 (2010=100)","0.07","-0.01","-0.02","0.00","-0.02","-0.35"
"건설용금속제품 (2010=100)","0.35","-0.09","0.14","0.21","-0.17","-0.54"
"건설용금속제품 (2010=100)","0.35","-0.09","0.14","0.21","-0.17","-0.54"
"건축용금속제품 (2010=100)","0.35","-0.09","0.14","0.21","-0.17","-0.54"
"기타금속제품 (2010=100)","-0.01","0.00","-0.03","-0.06","0.01","-0.30"
"금속제탱크 (2010=100)","0.00","0.00","0.00","0.00","0.00","0.00"
"금속제탱크및압력용기 (2010=100)","0.00","0.00","0.00","0.00","0.00","0.00"
"금속제부착및부속품 (2010=100)","-0.01","0.10","0.00","0.00","0.26","-0.24"
"금속압형제품 (2010=100)","0.00","0.16","0.00","0.00","0.17","-0.32"
"부착용금속제품 (2010=100)","-0.03","-0.01","-0.01","0.01","0.41","-0.07"
"공구및철선제품 (2010=100)","0.00","-0.12","0.00","-0.03","0.01","-0.01"
"공구류 (2010=100)","0.00","0.00","0.00","0.00","0.00","0.00"
"나사및철선제품 (2010=100)","0.00","-0.15","0.00","-0.03","0.01","-0.01"
"기타금속제품 (2010=100)","0.00","0.05","-0.14","-0.15","-0.23","-0.79"
"금속포장용기 (2010=100)","0.00","-0.40","-0.32","0.00","-1.01","0.47"
"가정용금속제품 (2010=100)","0.00","0.97","0.00","0.00","0.93","0.00"
"기타금속제품 (2010=100)","0.00","0.00","0.00","-0.49","0.00","-3.26"
"일반기계 (2010=100)","0.00","-0.01","-0.01","0.00","-0.14","0.05"
"일반목적용기계및장비 (2010=100)","0.00","-0.08","-0.04","0.01","0.02","0.09"
"내연기관및터빈 (2010=100)","0.00","-0.87","0.14","0.00","0.00","0.00"
"내연기관및터빈 (2010=100)","0.00","-0.87","0.14","0.00","0.00","0.00"
"일반목적용기계부품 (2010=100)","0.00","0.00","0.00","0.00","0.08","0.24"
"밸브 (2010=100)","0.00","0.00","0.00","0.00","0.15","0.00"
"베어링,기어및동력전달장치 (2010=100)","0.00","0.00","0.00","0.00","0.00","0.48"
"산업용운반기계 (2010=100)","0.00","0.00","0.00","0.00","0.00","0.03"
"산업용운반기계 (2010=100)","0.00","0.00","0.00","0.00","0.00","0.03"
"공기및액체조절장치 (2010=100)","-0.02","0.15","-0.13","-0.01","0.06","-0.02"
"공기조절장치및냉장냉동장비 (2010=100)","-0.02","0.24","-0.22","-0.01","0.10","0.00"
"공기및액체여과기 (2010=100)","0.00","0.00","0.00","0.00","0.00","0.22"
"산업용보일러및증기발생기 (2010=100)","0.00","0.00","0.00","0.00","0.00","-0.42"
"사무용기기 (2010=100)","0.00","0.00","-1.13","0.00","0.00","-0.58"
"사무용기기 (2010=100)","0.00","0.00","-1.13","0.00","0.00","-0.58"
"가정용난방및조리기기 (2010=100)","0.51","0.12","-0.58","0.19","0.10","-0.21"
"가정용난방및조리기기(비전기식) (2010=100)","0.51","0.12","-0.58","0.19","0.10","-0.21"
"일반목적용기계 (2010=100)","0.00","0.03","0.04","0.00","0.00","0.35"
"펌프및압축기 (2010=100)","0.01","0.08","0.03","0.00","0.01","0.85"
"기타일반목적용기계 (2010=100)","0.00","0.00","0.05","0.00","0.00","-0.03"
"특수목적용기계및장비 (2010=100)","0.00","0.07","0.03","0.01","-0.35","-0.01"
"농업및건설기계 (2010=100)","0.00","0.00","0.28","0.00","0.16","-0.01"
"농업용기계 (2010=100)","0.00","0.00","0.62","0.00","0.38","0.00"
"건설및광물처리기계 (2010=100)","0.00","0.00","0.00","0.00","0.00","-0.02"
"금속가공용기계 (2010=100)","0.00","0.33","0.00","0.03","0.00","0.00"
"금속절삭기계 (2010=100)","0.00","0.44","0.00","0.04","0.00","0.00"
"금속성형기계 (2010=100)","0.00","0.00","0.00","0.00","0.00","0.00"
"반도체및평판디스플레이제조기계 (2010=100)","0.00","0.00","0.00","0.00","0.00","0.00"
"반도체제조용기계 (2010=100)","0.00","0.00","0.00","0.00","0.00","0.00"
"평판디스플레이제조용기계 (2010=100)","0.00","0.00","0.00","0.00","0.00","0.00"
"기타특수목적용기계 (2010=100)","0.00","0.00","0.00","0.00","-0.99","0.00"
"산업용로봇 (2010=100)","0.00","0.00","0.00","0.00","0.00","0.00"
"금형및주형 (2010=100)","0.00","0.00","0.00","0.00","-1.79","0.00"
"제지및인쇄기계 (2010=100)","0.00","0.00","0.00","0.00","0.00","0.00"
"고무및플라스틱성형기계 (2010=100)","0.00","0.00","0.00","0.00","0.00","0.00"
"기타특수목적용기계 (2010=100)","0.00","0.00","0.00","0.00","0.00","0.00"
"전기및전자기기 (2010=100)","0.36","-0.08","-0.65","0.02","-0.28","0.06"
"전기기계및장치 (2010=100)","-0.15","-0.22","0.05","-0.31","-0.25","0.00"
"발전기,전동기및전기변환장치 (2010=100)","-0.11","-0.33","-0.23","0.02","0.01","0.08"
"발전기및전동기 (2010=100)","-0.16","-0.50","0.00","0.04","0.04","0.17"
"변압기 (2010=100)","0.00","0.00","-1.55","0.00","0.00","-0.26"
"전기변환장치 (2010=100)","0.00","0.00","0.00","0.00","-0.10","0.00"
"기타전기장치 (2010=100)","-0.17","-0.19","0.15","-0.41","-0.35","-0.01"
"전기회로개폐및접속장치 (2010=100)","-0.53","-0.07","-0.65","-1.53","-1.91","0.09"
"배전반및전기자동제어반 (2010=100)","0.00","0.00","0.00","0.00","0.00","0.00"
"전지 (2010=100)","-0.13","-0.03","0.00","0.03","0.06","0.17"
"전선및케이블 (2010=100)","-0.20","-0.70","1.38","-0.25","0.00","-0.13"
"전구및램프 (2010=100)","0.00","0.00","0.48","-3.28","0.00","-1.17"
"조명장치 (2010=100)","0.02","0.00","-0.70","0.00","0.01","0.00"
"기타전기장비 (2010=100)","0.00","0.17","-0.26","-0.02","0.19","0.05"
"반도체및전자표시장치 (2010=100)","-0.07","0.14","-1.38","0.60","0.60","1.52"
"반도체 (2010=100)","-1.25","0.20","-0.38","0.84","0.31","1.33"
"개별소자 (2010=100)","-0.91","-0.52","-0.71","-0.18","-0.34","0.72"
"집적회로 (2010=100)","-1.30","0.55","-0.18","1.28","0.59","1.52"
"전자표시장치 (2010=100)","0.17","0.13","-1.55","0.54","0.65","1.53"
"LCD평판디스플레이 (2010=100)","0.18","-0.27","-1.62","0.56","0.68","1.61"
"기타전자표시장치 (2010=100)","0.00","7.12","0.00","0.00","0.00","0.00"
"기타전자부품 (2010=100)","-0.08","-0.12","-2.23","0.07","0.04","0.71"
"기타전자부분품 (2010=100)","-0.08","-0.12","-2.23","0.07","0.04","0.71"
"축전기,저항기,전자코일및변성기 (2010=100)","-0.82","-0.11","-0.81","0.23","-0.19","0.91"
"인쇄회로기판 (2010=100)","0.08","-0.16","-2.89","0.05","0.06","0.82"
"기타전자부품 (2010=100)","-0.22","0.00","-0.63","0.07","0.08","0.23"
"컴퓨터및주변기기 (2010=100)","-0.25","-0.66","-0.21","0.21","0.00","-0.09"
"컴퓨터및주변기기 (2010=100)","-0.25","-0.66","-0.21","0.21","0.00","-0.09"
"컴퓨터 (2010=100)","0.00","-0.85","0.31","1.27","-0.02","-0.60"
"컴퓨터기억장치 (2010=100)","-0.56","-1.18","-0.43","-0.03","0.00","0.00"
"컴퓨터주변기기 (2010=100)","0.00","0.00","-0.15","0.04","0.00","0.00"
"통신,영상및음향기기 (2010=100)","1.42","-0.16","-0.10","-0.39","-1.42","-1.61"
"통신및방송장비 (2010=100)","1.78","-0.20","-0.12","-0.06","-1.82","-1.97"
"유선통신기기 (2010=100)","0.00","0.00","0.00","0.00","0.00","0.00"
"이동전화기 (2010=100)","2.08","-0.23","-0.16","0.00","-2.13","-2.25"
"기타무선통신장비및방송장비 (2010=100)","0.00","0.00","0.00","-0.49","0.00","-0.47"
"영상및음향기기 (2010=100)","0.11","-0.02","0.02","-1.59","0.05","-0.38"
"TV (2010=100)","0.34","-0.02","0.01","-2.11","0.04","-0.39"
"영상기기 (2010=100)","0.00","-0.04","-0.43","0.11","0.17","0.02"
"오디오및음향기기 (2010=100)","-0.68","-0.04","0.12","0.04","0.06","-0.39"
"가정용전기기기 (2010=100)","0.20","0.25","-0.17","0.51","0.10","0.09"
"가정용전기기기 (2010=100)","0.20","0.25","-0.17","0.51","0.10","0.09"
"가정용냉장고및냉동고 (2010=100)","0.56","0.55","-0.09","-0.02","0.30","0.14"
"주방용및난방용전기기기 (2010=100)","-0.01","-1.14","0.00","0.82","-0.05","0.09"
"기타가정용전기기기 (2010=100)","-0.01","1.36","-0.46","0.88","0.00","0.03"
"정밀기기 (2010=100)","0.05","0.00","0.42","0.00","0.00","-0.06"
"정밀기기 (2010=100)","0.05","0.00","0.42","0.00","0.00","-0.06"
"의료및측정기기 (2010=100)","0.08","0.00","0.32","0.00","0.00","-0.02"
"의료용기기 (2010=100)","0.00","0.00","0.10","0.00","0.00","0.00"
"측정및분석기 (2010=100)","0.17","0.00","0.63","0.00","0.00","-0.05"
"자동조정및제어기기 (2010=100)","0.00","0.00","0.00","0.00","0.00","0.00"
"기타정밀기기 (2010=100)","-0.07","0.00","0.72","0.00","0.00","-0.19"
"사진기및영사기 (2010=100)","-0.10","0.00","-0.36","0.00","0.00","-0.32"
"안경및기타광학기기 (2010=100)","0.00","0.00","2.40","0.00","0.00","0.00"
"수송장비 (2010=100)","2.58","0.60","0.43","0.03","0.21","-0.32"
"자동차 (2010=100)","2.60","0.59","0.44","0.03","0.21","-0.32"
"자동차 (2010=100)","0.00","0.65","0.55","0.22","0.00","0.00"
"승용차 (2010=100)","0.01","0.71","0.01","0.34","0.00","0.00"
"버스 (2010=100)","0.00","0.95","3.00","0.00","0.00","0.00"
"트럭 (2010=100)","0.00","0.00","0.00","0.00","0.00","0.00"
"특장차 (2010=100)","0.00","0.00","0.00","0.00","0.00","0.00"
"자동차용엔진및부분품 (2010=100)","3.46","0.58","0.40","-0.04","0.29","-0.43"
"자동차용엔진 (2010=100)","0.44","-0.17","2.54","-0.12","1.02","-3.61"
"자동차부분품 (2010=100)","4.00","0.72","0.01","-0.02","0.16","0.14"
"기타수송장비 (2010=100)","0.00","0.00","0.00","0.00","0.00","0.00"
"기타수송장비 (2010=100)","0.00","0.00","0.00","0.00","0.00","0.00"
"모터사이클 (2010=100)","0.00","0.00","0.00","0.00","0.00","0.00"
"기타제조업제품 (2010=100)","0.04","0.38","-0.03","0.00","0.02","0.38"
"기타제조업제품 (2010=100)","0.04","0.38","-0.03","0.00","0.02","0.38"
"가구 (2010=100)","0.07","0.51","0.00","0.00","0.00","0.56"
"목재가구 (2010=100)","0.19","0.00","0.00","0.00","0.00","0.00"
"금속가구 (2010=100)","0.00","0.23","0.00","0.00","0.00","0.00"
"기타가구 (2010=100)","0.00","0.90","0.00","0.00","0.00","1.02"
"장난감및운동용품 (2010=100)","0.00","0.00","0.00","0.00","0.00","0.00"
"운동및경기용품 (2010=100)","0.00","0.00","0.00","0.00","0.00","0.00"
"기타제조업제품 (2010=100)","0.00","-0.06","-0.10","0.00","0.00","-0.07"
"문구용품 (2013.12=100)","0.00","0.00","0.00","0.00","0.00","0.00"
"모형및장식용품 (2010=100)","0.00","0.00","0.00","0.00","0.00","0.00"
"기타제조업제품 (2010=100)","0.00","-0.21","-0.39","0.00","0.00","-0.28"
"전력,가스및수도 (2010=100)","-0.01","0.09","-0.53","0.01","0.02","0.13"
"전력,가스및수도 (2010=100)","-0.01","0.09","-0.53","0.01","0.02","0.13"
"전력및신재생에너지 (2010=100)","0.00","0.00","0.00","0.00","0.00","0.00"
"전력및신재생에너지 (2010=100)","0.00","0.00","0.00","0.00","0.00","0.00"
"전력 (2010=100)","0.00","0.00","0.00","0.00","0.00","0.00"
"도시가스및수도 (2010=100)","-0.04","0.21","-1.16","0.04","0.03","0.26"
"도시가스및수도 (2010=100)","-0.04","0.21","-1.16","0.04","0.03","0.26"
"도시가스 (2010=100)","0.00","0.00","-1.40","0.00","0.00","0.00"
"증기및온수공급업 (2010=100)","-0.64","2.23","-0.47","0.39","0.37","3.16"
"수도 (2010=100)","0.17","0.05","0.00","0.00","0.00","0.00"
"서비스 (2010=100)","0.07","-0.01","0.38","0.16","-0.10","-0.02"
"음식점및숙박 (2010=100)","0.20","0.06","0.67","0.38","-0.36","0.10"
"음식점및숙박 (2010=100)","0.20","0.06","0.67","0.38","-0.36","0.10"
"음식점 (2010=100)","0.12","0.10","0.27","0.11","0.34","0.06"
"일반음식점 (2010=100)","0.13","0.05","0.30","0.06","0.31","0.08"
"기타음식점 (2010=100)","0.14","0.23","0.14","0.29","0.42","0.03"
"숙박 (2010=100)","1.38","-0.68","6.91","4.30","-10.73","0.51"
"숙박 (2010=100)","1.38","-0.68","6.91","4.30","-10.73","0.51"
"운수 (2010=100)","-0.07","-0.25","0.14","0.40","-0.38","-0.22"
"육상운송 (2010=100)","-0.03","-0.25","-0.43","0.35","0.34","-0.23"
"철도운송 (2010=100)","0.00","0.00","0.00","0.00","0.00","0.00"
"철도여객운송 (2010=100)","0.00","0.00","0.00","0.00","0.00","0.00"
"철도화물운송 (2010=100)","0.00","0.00","0.00","0.00","0.00","0.00"
"도로운송 (2010=100)","0.00","-0.40","-0.45","0.30","0.36","-0.22"
"도로여객운송 (2010=100)","0.00","-0.96","-1.12","0.74","0.88","0.52"
"도로화물운송 (2010=100)","0.00","0.00","0.00","0.00","0.00","-0.73"
"택배 (2010=100)","-0.56","1.74","-1.04","2.14","0.60","-1.02"
"택배 (2010=100)","-0.56","1.74","-1.04","2.14","0.60","-1.02"
"수상및항공운송 (2010=100)","-0.41","-0.43","2.98","0.99","-4.11","-0.38"
"수상운송 (2010=100)","-1.06","-0.28","-0.12","0.83","-0.61","0.15"
"연안및내륙수상운송 (2010=100)","0.00","0.00","-1.07","0.12","-0.37","0.04"
"외항운송 (2010=100)","-1.70","-0.44","0.34","1.28","-0.78","0.21"
"항공운송 (2010=100)","0.15","-0.60","5.88","1.18","-7.41","-0.87"
"항공운송 (2010=100)","0.15","-0.60","5.88","1.18","-7.41","-0.87"
"운수관련서비스 (2010=100)","0.00","0.00","0.00","0.00","0.00","-0.04"
"운수보조서비스 (2010=100)","0.00","0.00","0.00","0.00","0.00","-0.07"
"육상운수보조서비스 (2010=100)","0.00","0.00","0.00","0.00","0.00","-0.10"
"수상운수보조서비스 (2010=100)","0.00","0.00","0.00","0.00","0.00","0.00"
"항공운수보조서비스 (2010=100)","0.00","0.00","0.00","0.00","0.00","0.00"
"하역및보관 (2010=100)","0.00","0.00","0.00","0.00","0.00","0.00"
"하역 (2010=100)","0.00","0.00","0.00","0.00","0.00","0.00"
"보관및창고 (2010=100)","0.00","0.00","0.00","0.00","0.00","0.00"
"통신 (2010=100)","0.00","0.00","0.00","0.00","0.00","0.00"
"통신 (2010=100)","0.00","0.00","0.00","0.00","0.00","0.00"
"우편 (2010=100)","0.00","0.00","0.00","0.00","0.00","0.00"
"우편 (2010=100)","0.00","0.00","0.00","0.00","0.00","0.00"
"유ㆍ무선통신서비스 (2010=100)","0.00","0.00","0.00","0.00","0.00","0.00"
"유선통신서비스 (2010=100)","0.00","0.00","0.00","0.00","0.00","0.00"
"무선통신서비스 (2010=100)","0.00","0.00","0.00","0.00","0.00","0.00"
"기타통신서비스 (2010=100)","0.00","0.00","0.00","0.00","0.00","0.00"
"초고속망서비스 (2010=100)","0.00","0.00","0.00","0.00","0.00","0.00"
"기타전기통신서비스 (2010=100)","0.00","0.00","0.00","0.00","0.00","0.00"
"정보,출판및영상서비스 (2010=100)","0.01","0.02","3.23","0.00","0.00","1.20"
"정보서비스및소프트웨어개발공급 (2010=100)","0.00","0.00","4.22","0.00","0.00","1.64"
"정보서비스 (2010=100)","0.00","0.00","0.00","0.00","0.00","0.00"
"정보서비스 (2010=100)","0.00","0.00","0.00","0.00","0.00","0.00"
"소프트웨어개발공급 (2010=100)","0.00","0.00","4.38","0.00","0.00","1.71"
"소프트웨어개발공급 (2010=100)","0.00","0.00","4.38","0.00","0.00","1.71"
"출판및영상·오디오물제작배급 (2010=100)","0.04","0.04","0.55","0.01","0.00","0.00"
"출판및영상·오디오물제작배급 (2010=100)","0.04","0.04","0.55","0.01","0.00","0.00"
"신문 (2010=100)","0.00","0.00","0.00","0.00","0.00","0.00"
"출판 (2010=100)","-0.01","0.00","0.74","0.00","0.00","0.00"
"영화상영 (2010=100)","0.23","0.25","0.37","0.05","0.00","0.00"
"금융및보험 (2010=100)","0.02","-0.04","0.07","0.21","-0.08","-0.80"
"금융및보험 (2010=100)","0.02","-0.04","0.07","0.21","-0.08","-0.80"
"금융 (2010=100)","-0.12","-0.06","0.10","0.28","-0.10","-1.12"
"예금취급기관 (2010=100)","0.00","0.00","0.00","0.00","0.00","0.00"
"금융투자기관 (2010=100)","-1.00","-0.14","-1.91","-0.96","0.30","-1.58"
"기타금융중개기관 (2010=100)","-0.01","-0.06","0.40","0.52","-0.18","-1.27"
"보험 (2010=100)","0.34","0.00","0.00","0.00","0.00","0.00"
"비생명보험 (2010=100)","0.34","0.00","0.00","0.00","0.00","0.00"
"부동산 (2010=100)","0.14","0.06","0.15","0.07","0.09","0.13"
"부동산 (2010=100)","0.14","0.06","0.15","0.07","0.09","0.13"
"부동산 (2010=100)","0.14","0.06","0.15","0.07","0.09","0.13"
"주거서비스 (2010=100)","0.15","0.16","0.14","0.14","0.20","0.20"
"비주거용건물임대 (2010=100)","0.09","-0.01","0.19","0.01","0.04","0.04"
"부동산관련서비스 (2010=100)","0.28","0.03","-0.12","0.17","-0.07","0.24"
"사업서비스 (2010=100)","0.17","0.01","0.06","0.04","0.03","0.02"
"사업관련전문서비스 (2010=100)","-0.08","0.00","0.00","0.00","0.22","0.00"
"사업관련전문서비스 (2010=100)","0.65","0.00","0.00","0.00","0.00","0.00"
"법무및회계서비스 (2010=100)","0.65","0.00","0.00","0.00","0.00","0.00"
"공학및과학서비스 (2010=100)","-0.31","0.00","0.00","0.00","0.38","0.00"
"건축·토목관련서비스 (2010=100)","-0.35","0.00","0.00","0.00","0.42","0.00"
"과학기술서비스 (2010=100)","0.00","0.00","0.00","0.00","0.00","0.00"
"광고 (2010=100)","0.00","0.00","0.00","0.00","0.00","0.00"
"광고 (2010=100)","0.00","0.00","0.00","0.00","0.00","0.00"
"사업지원서비스 (2010=100)","0.46","0.02","0.15","0.08","-0.19","0.04"
"사업지원서비스 (2010=100)","0.46","0.02","0.15","0.08","-0.19","0.04"
"컴퓨터관리서비스 (2010=100)","0.00","0.00","0.00","0.00","0.00","0.00"
"기계장비및용품임대 (2010=100)","-0.24","0.10","1.14","0.62","-1.51","0.31"
"청소소독및시설유지 (2010=100)","2.22","0.00","0.00","0.00","0.00","0.00"
"인력공급및알선 (2010=100)","0.00","0.00","0.00","0.00","0.00","0.00"
"기타사업지원서비스 (2010=100)","0.00","0.00","0.00","0.00","0.00","0.00"
"위생및자원재활용서비스 (2010=100)","0.00","0.13","0.67","0.26","0.03","0.00"
"위생서비스 (2010=100)","0.00","0.13","0.67","0.26","0.03","0.00"
"위생서비스 (2010=100)","0.00","0.13","0.67","0.26","0.03","0.00"
"하수,폐수및분뇨처리 (2010=100)","0.00","0.34","0.00","0.70","0.10","0.00"
"폐기물수집,운반및처리 (2010=100)","0.00","0.00","1.06","0.00","0.00","0.00"
"교육서비스 (2010=100)","0.07","0.04","0.02","0.06","0.18","-0.08"
"교육서비스 (2010=100)","0.07","0.04","0.02","0.06","0.18","-0.08"
"교육기관 (2010=100)","0.07","0.04","0.02","0.06","0.18","-0.08"
"교육기관(산업) (2010=100)","0.07","0.04","0.02","0.06","0.18","-0.08"
"문화및오락서비스 (2010=100)","0.18","0.27","0.71","-0.08","-0.88","0.39"
"문화및오락서비스 (2010=100)","0.18","0.27","0.71","-0.08","-0.88","0.39"
"스포츠및오락서비스 (2010=100)","0.18","0.27","0.71","-0.08","-0.88","0.39"
"스포츠서비스 (2010=100)","0.29","0.38","-0.87","0.04","0.23","0.37"
"오락서비스 (2010=100)","-0.10","0.00","4.80","-0.37","-3.78","0.44"
"기타개인서비스 (2010=100)","0.18","0.10","-0.11","0.00","0.22","0.04"
"기타개인서비스 (2010=100)","0.18","0.10","-0.11","0.00","0.22","0.04"
"수리서비스 (2010=100)","0.05","0.02","-0.04","-0.09","0.06","0.05"
"자동차수리서비스 (2010=100)","0.05","0.03","0.11","0.05","0.04","0.05"
"개인및가정용품수리서비스 (2010=100)","0.05","0.00","-0.52","-0.60","0.12","0.02"
"개인서비스 (2010=100)","0.31","0.18","-0.19","0.09","0.36","0.06"
"미용관련서비스 (2010=100)","0.09","0.01","-0.17","0.16","0.49","0.12"
"세탁 (2010=100)","0.13","0.00","-0.48","0.01","0.00","0.05"
"기타개인서비스 (2010=100)","0.55","0.39","-0.12","0.05","0.36","0.01"
